Date,Calories (kcal),Distance (m),Low latitude (deg),Low longitude (deg),High latitude (deg),High longitude (deg),Average speed (m/s),Max speed (m/s),Min speed (m/s),Step count,Average weight (kg),Max weight (kg),Min weight (kg),Biking duration (ms),Inactive duration (ms),Walking duration (ms),Running duration (ms)
2015-08-26,1077.7686767578125,,,,,,,,,,,,,,,,
2015-08-27,1593.2498779296875,,,,,,,,,,,,,,,,
2015-08-28,1593.2498779296875,,,,,,,,,,,,,,,,
2015-08-29,1593.2498779296875,,,,,,,,,,,,,,,,
2015-08-30,1593.2498779296875,,,,,,,,,,,,,,,,
2015-08-31,1593.2498779296875,,,,,,,,,,,,,,,,
2015-09-01,1593.2498779296875,,,,,,,,,,,,,,,,
2015-09-02,1593.2498779296875,,,,,,,,,,,,,,,,
2015-09-03,1593.2498779296875,,,,,,,,,,,,,,,,
2015-09-04,1593.2498779296875,,,,,,,,,,,,,,,,
2015-09-05,1593.2498779296875,,,,,,,,,,,,,,,,
2015-09-06,1593.2498779296875,,,,,,,,,,,,,,,,
2015-09-07,515.481201171875,,,,,,,,,,,,,,,,
2015-09-09,1290.3709716796875,3310.98046875,12.922210693359375,77.6473159790039,12.958464622497559,77.71654510498047,1.4674640893936157,4.0,0.5,5154,74.0,74.0,74.0,,52636240,3562926,
2015-09-10,1873.624755859375,3292.643310546875,12.922513008117676,77.64762878417969,12.958706855773926,77.71666717529297,,,,6458,,,,,76602848,4698700,
2015-09-11,2387.04931640625,6695.9619140625,12.922401428222656,77.64786529541016,12.958649635314941,77.71661376953125,4.247579097747803,18.5,0.55901700258255,11486,,,,3122854,71203502,7643197,169437
2015-09-12,1735.3070068359375,2412.981689453125,12.92247200012207,77.64761352539062,12.924613952636719,77.6491928100586,7.354777812957764,16.0,0.5,4131,,,,,83367953,2380684,
2015-09-13,1958.764892578125,142.79165649414062,12.919451713562012,77.64737701416016,12.922844886779785,77.64916229248047,1.687868356704712,5.0,0.5,1322,,,,3404432,81216863,375562,
2015-09-14,1792.706787109375,2336.65625,12.911717414855957,77.64765167236328,12.958789825439453,77.71746826171875,5.130801677703857,10.75,0.5,5768,,,,,75766378,3342625,
2015-09-15,1843.3446044921875,3550.12060546875,12.921822547912598,77.64775848388672,12.958820343017578,77.71676635742188,3.633927822113037,6.269968032836914,1.0,6970,,,,,76962703,4191251,
2015-09-16,1751.0582275390625,2145.512939453125,12.922544479370117,77.64801788330078,12.958818435668945,77.71669006347656,3.375915288925171,12.651580810546875,0.5,4256,,,,,77159327,2624888,
2015-09-17,1947.106201171875,5286.59130859375,12.922391891479492,77.64779663085938,12.958611488342285,77.71678161621094,6.337066650390625,12.25,1.0,9883,,,,,73974198,5930153,
2015-09-18,1846.887939453125,3266.6455078125,12.922493934631348,77.64803314208984,12.95878791809082,77.71678924560547,1.75,2.5,1.0,6610,,,,,76241565,4250628,
2015-09-19,1881.8687744140625,3989.837890625,12.914908409118652,77.6469955444336,12.923155784606934,77.65166473388672,1.6865112781524658,13.0,0.5,6191,,,,722459,80637197,3616649,
2015-09-20,2755.72509765625,12297.9482421875,12.835901260375977,77.61031341552734,12.92455005645752,77.66864776611328,2.210406541824341,43.0,0.5,16058,,,,3658557,69028929,5323988,2770446
2015-09-21,1807.646240234375,2635.0810546875,12.920923233032227,77.64762878417969,12.95932388305664,77.71683502197266,4.378381252288818,18.0,0.5,5238,,,,,76878345,3592992,
2015-09-22,1835.939208984375,3115.907470703125,12.921510696411133,77.64661407470703,12.95876693725586,77.71664428710938,4.003561019897461,14.0,0.5,6151,,,,,76744350,3710066,153820
2015-09-23,1855.135009765625,3001.922119140625,12.922080039978027,77.6477279663086,12.966331481933594,77.7182388305664,9.298137664794922,49.0,0.5,9041,,,,,68124555,4388840,
2015-09-24,1759.499755859375,2776.851806640625,12.920994758605957,77.6476821899414,12.960478782653809,77.71678161621094,4.946824550628662,17.75,0.5,5710,,,,,77436185,2786120,
2015-09-25,1972.2945556640625,6481.95068359375,12.921503067016602,77.64694213867188,12.941444396972656,77.69586181640625,1.5239273309707642,13.75,0.5,10572,,,,,76005682,6352271,
2015-09-26,1941.8956298828125,5022.58251953125,12.922469139099121,77.64759826660156,13.200121879577637,77.71150970458984,2.7029855251312256,16.031219482421875,0.5,9869,,,,,67761075,5842825,
2015-09-27,1692.50634765625,1774.4227294921875,12.922479629516602,77.64784240722656,12.922906875610352,77.6488265991211,2.4959564208984375,10.854146957397461,0.5,3265,,,,,81733426,1663404,
2015-09-28,1971.943359375,4892.43798828125,12.922407150268555,77.64746856689453,12.958910942077637,77.71707916259766,1.0793159008026123,2.75,0.5,8516,,,,,75642030,4423802,559515
2015-09-29,1922.023193359375,4813.48095703125,12.92240047454834,77.64784240722656,12.958812713623047,77.71707916259766,2.8067374229431152,6.0,1.0,8917,,,,,76550274,4825968,279032
2015-09-30,1772.59521484375,2094.786376953125,12.920788764953613,77.64801025390625,12.958806037902832,77.71681213378906,5.132281303405762,10.770329475402832,0.5,5345,,,,,77005393,3005586,
2015-10-01,1996.608642578125,4791.4521484375,12.908644676208496,77.64212799072266,12.958818435668945,77.71707916259766,1.802221417427063,11.597413063049316,0.5,7850,,,,1309283,72816531,4548416,
2015-10-02,1711.249755859375,1480.91259765625,12.921965599060059,77.64755249023438,12.922918319702148,77.64967346191406,5.75,11.0,0.5,2629,,,,,81876041,1977517,
2015-10-03,1988.9002685546875,6179.8271484375,12.921622276306152,77.64806365966797,12.960657119750977,77.65744018554688,1.999938726425171,4.609772205352783,0.5,10427,,,,,74199128,6630559,
2015-10-04,1711.28515625,1225.46533203125,12.922525405883789,77.64730834960938,12.990602493286133,77.68879699707031,0.862110435962677,1.0,0.5,4703,,,,,75041900,1803599,76722
2015-10-05,1803.925537109375,2367.28125,12.922391891479492,77.64768981933594,12.958818435668945,77.716796875,6.639369487762451,11.25,1.0,5324,,,,,75463708,3530633,
2015-10-06,1816.281982421875,3037.312744140625,12.922000885009766,77.64753723144531,12.95866584777832,77.71695709228516,2.030097723007202,6.0,0.55901700258255,7626,,,,,71906746,3737714,
2015-10-07,1751.49951171875,1968.2662353515625,12.922472953796387,77.64741516113281,12.958793640136719,77.71681213378906,3.8799140453338623,12.0,0.5,5033,,,,,76946202,2652051,
2015-10-08,1815.73486328125,2827.67626953125,12.922545433044434,77.64777374267578,12.958817481994629,77.71746826171875,3.0457680225372314,3.092329263687134,3.0,6117,,,,,75924656,3728546,
2015-10-09,1847.0506591796875,3575.06298828125,12.922039985656738,77.64807891845703,12.958611488342285,77.71707916259766,1.8150428533554077,3.25,1.5,6584,,,,,76447629,4253360,
2015-10-10,1730.9718017578125,1919.0350341796875,12.922420501708984,77.6477279663086,12.956344604492188,77.73184967041016,3.789858341217041,17.029386520385742,1.0,4533,,,,,77977471,2308035,
2015-10-11,1701.3984375,1613.149169921875,12.92227840423584,77.64713287353516,12.923065185546875,77.64859771728516,2.4859204292297363,7.211102485656738,0.5,2732,,,,,84587578,1812422,
2015-10-12,1858.0755615234375,3465.017822265625,12.922370910644531,77.647705078125,12.958821296691895,77.71680450439453,6.489930629730225,14.0,0.5,6475,,,,,78239030,4358762,34888
2015-10-13,1863.91845703125,4013.849365234375,12.922323226928711,77.64762115478516,12.960915565490723,77.71668243408203,2.256362199783325,4.0,0.5,7050,,,,,77311036,4536034,
2015-10-14,1690.1295166015625,1099.1060791015625,12.922260284423828,77.64805603027344,12.95884895324707,77.71735382080078,3.0301032066345215,8.246211051940918,0.55901700258255,3981,,,,,74430108,1623568,
2015-10-15,1769.133544921875,2310.989990234375,12.92231559753418,77.64779663085938,12.958839416503906,77.71678161621094,2.1648638248443604,7.0,0.5,5040,,,,,74604387,2947566,
2015-10-16,1988.1014404296875,5890.67724609375,12.92253303527832,77.64801788330078,12.995940208435059,77.71675109863281,5.261199474334717,11.0,0.5,10177,,,,,72149811,6617174,
2015-10-17,1661.054931640625,680.681884765625,12.902827262878418,77.61256408691406,12.979345321655273,77.64884948730469,2.9898557662963867,25.0,0.5,3289,,,,,72427233,1136327,
2015-10-18,1689.0283203125,1043.4124755859375,12.902838706970215,77.64688873291016,12.922821998596191,77.64876556396484,0.8803555369377136,2.5495097637176514,0.5,2665,,,,,82548727,1605117,
2015-10-19,1785.64892578125,2418.3212890625,12.921340942382812,77.6479721069336,12.958818435668945,77.7166976928711,3.087672472000122,7.420411109924316,0.5,5746,,,,,77995968,3218047,
2015-10-20,1877.697265625,3407.9658203125,12.92258071899414,77.64805603027344,12.95969009399414,77.71676635742188,1.3858505487442017,4.0,1.0,7279,,,,,77900118,4766951,
2015-10-21,2084.67236328125,3629.51025390625,12.922441482543945,77.64804077148438,12.95878791809082,77.71672821044922,1.375,2.0,0.75,6602,,,,1950241,75313302,4661582,123143
2015-10-22,2139.26953125,6729.5361328125,11.806018829345703,76.64778137207031,12.922682762145996,77.66403198242188,9.123058319091797,52.0,0.5,12863,,,,,48876029,9150543,
2015-10-23,2314.588134765625,21293.841796875,11.500533103942871,75.95880126953125,11.807908058166504,76.68826293945312,6.390980243682861,30.0,0.5,10433,,,,2519204,49066832,7833794,
2015-10-24,2331.715576171875,3065.32666015625,11.84703540802002,75.93226623535156,12.94505786895752,77.6483154296875,5.358147144317627,53.0,0.5,5800,,,,4618012,35777499,4576013,
2015-10-25,1720.115234375,1803.85400390625,12.922456741333008,77.64765167236328,12.92301082611084,77.6484603881836,1.289598822593689,2.0,0.55901700258255,3020,,,,,82882118,2126090,
2015-10-26,1809.534423828125,2680.754150390625,12.922369956970215,77.64788818359375,12.958818435668945,77.71672821044922,1.0941041707992554,2.0,0.5,5981,,,,,78483841,3624634,
2015-10-27,1933.824951171875,4633.1064453125,12.922563552856445,77.64765167236328,12.958904266357422,77.71678924560547,0.55901700258255,0.55901700258255,0.55901700258255,8891,,,,,77502813,5707578,
2015-10-28,1867.559326171875,3541.5888671875,12.92259407043457,77.64785766601562,12.95878791809082,77.716796875,3.427535057067871,13.0,1.0,7252,,,,,75590929,4597053,
2015-10-29,1812.4039306640625,2532.138671875,12.92082691192627,77.64787292480469,12.958508491516113,77.7166519165039,2.8634207248687744,7.0,0.55901700258255,5740,,,,,77609401,3672726,
2015-10-30,1779.035400390625,2485.4755859375,12.922539710998535,77.64791107177734,12.95975112915039,77.71675872802734,2.9686663150787354,10.440306663513184,0.5,5304,,,,,76365181,3113514,
2015-10-31,1666.761962890625,767.8131713867188,12.916141510009766,77.62260437011719,12.930366516113281,77.64840698242188,2.810919761657715,13.583077430725098,0.5,2704,,,,,77964658,1231962,
2015-11-01,1954.7918701171875,1130.167724609375,12.92249870300293,77.64796447753906,12.922804832458496,77.64865112304688,1.3230886459350586,9.0,0.5,5272,,,,2603148,77283232,1662323,
2015-11-02,1827.51220703125,3428.1103515625,12.921369552612305,77.64733123779297,12.958611488342285,77.71681213378906,3.1908023357391357,8.25,0.55901700258255,5967,,,,,75698738,3925921,
2015-11-03,1854.3619384765625,3272.956787109375,12.9224853515625,77.6476821899414,12.95861530303955,77.71678161621094,3.7816808223724365,10.298665046691895,0.55901700258255,7051,,,,,75371894,4375884,
2015-11-04,1670.152587890625,1227.6224365234375,12.922351837158203,77.64735412597656,12.923744201660156,77.64833068847656,4.185795783996582,5.2737555503845215,3.2015621662139893,2576,,,,,84501565,1288785,
2015-11-05,1837.97802734375,3003.7021484375,12.922557830810547,77.64793395996094,12.958802223205566,77.7168197631836,1.1994584798812866,7.82623815536499,0.5,6902,,,,,75642925,4100300,
2015-11-06,1852.8792724609375,4063.06982421875,12.92158317565918,77.64781188964844,12.927875518798828,77.68489074707031,3.8295364379882812,23.0,0.5,8766,,,,,76970893,4351036,
2015-11-07,1593.25,,12.922408103942871,77.64781951904297,12.922816276550293,77.64842987060547,2.0958595275878906,6.576473236083984,0.5,771,,,,,86132232,,
2015-11-08,1788.326416015625,3268.797607421875,12.922252655029297,77.6473617553711,12.923489570617676,77.64836120605469,1.5497437715530396,7.0,0.5,5568,,,,,81786099,3269216,
2015-11-09,1812.50927734375,2686.0498046875,12.922561645507812,77.64806365966797,12.958793640136719,77.71675109863281,8.114923477172852,14.03566837310791,3.5,6417,,,,,74361845,3476306,87129
2015-11-10,1767.1378173828125,2240.945556640625,12.922333717346191,77.64785766601562,12.958922386169434,77.71672058105469,6.9487199783325195,15.628499984741211,0.7071067690849304,5003,,,,,78209689,2913788,
2015-11-11,1936.481201171875,4844.359375,12.921858787536621,77.64813995361328,12.958946228027344,77.71675872802734,9.625,14.75,4.5,12523,,,,,68702889,5752089,
2015-11-12,1714.310791015625,2217.50634765625,12.922526359558105,77.64799499511719,12.941706657409668,77.69390106201172,2.4989728927612305,14.0,0.5,3687,,,,,83569748,2028816,
2015-11-13,1892.86181640625,4269.50390625,12.92255687713623,77.64805603027344,12.958858489990234,77.71672058105469,5.400170803070068,22.0,1.5,7923,,,,,75921131,5021081,
2015-11-14,1827.990478515625,3222.76416015625,12.922464370727539,77.64787292480469,12.96076774597168,77.71659088134766,1.9533535242080688,8.0,0.55901700258255,7432,,,,,75156516,3933936,
2015-11-15,1607.953369140625,108.58882141113281,12.92238712310791,77.64786529541016,12.961284637451172,77.71722412109375,1.0147451162338257,1.8027756214141846,0.55901700258255,1320,,,,,84005180,246407,
2015-11-16,1808.5843505859375,636.8469848632812,12.92240047454834,77.62837219238281,13.042095184326172,77.69976043701172,2.0251569747924805,9.604686737060547,0.5,1550,,,,1650917,75279893,820372,
2015-11-17,1770.447998046875,2314.88671875,12.92187213897705,77.64720916748047,12.958904266357422,77.71669006347656,6.293185710906982,21.0,1.0,5757,,,,,76060244,2586970,168220
2015-11-18,1780.099365234375,2307.540771484375,12.922355651855469,77.64790344238281,12.958940505981445,77.71672058105469,5.086933612823486,12.5,0.5,5439,,,,,77714123,3131340,
2015-11-19,1896.3837890625,3919.535888671875,12.922420501708984,77.64794158935547,12.958914756774902,77.71673583984375,1.9486448764801025,21.0,1.0,7475,,,,,74932675,5080110,
2015-11-20,1900.922607421875,4557.40771484375,12.922418594360352,77.64742279052734,12.958888053894043,77.71683502197266,1.5088452100753784,5.2737555503845215,0.5,8690,,,,,71810930,5015270,61950
2015-11-21,1795.06591796875,3013.15234375,12.922465324401855,77.64786529541016,12.922879219055176,77.64851379394531,1.00873601436615,4.0,0.55901700258255,5866,,,,,73121823,3382164,
2015-11-22,1642.530517578125,746.5509033203125,12.921234130859375,77.64478302001953,12.923222541809082,77.64906311035156,1.8287453651428223,17.799226760864258,0.5,2484,,,,,78065704,825877,
2015-11-23,1774.286865234375,2139.844970703125,12.922189712524414,77.64767456054688,12.958928108215332,77.71671295166016,5.3764777183532715,24.0,0.5,5072,,,,,76742509,3033935,
2015-11-24,1936.0701904296875,4683.26611328125,12.922469139099121,77.64775848388672,12.958940505981445,77.71676635742188,3.242142915725708,17.0,0.5,8655,,,,,71892244,5744856,
2015-11-25,1828.4527587890625,2894.718505859375,12.922348976135254,77.64806365966797,12.958799362182617,77.71668243408203,5.324764251708984,14.0,0.55901700258255,5815,,,,,73514627,3941679,
2015-11-26,1808.1590576171875,2493.599365234375,12.922374725341797,77.6476821899414,12.958942413330078,77.7168197631836,3.0,3.0,3.0,6788,,,,,71450828,3601586,
2015-11-27,1970.068603515625,6199.28955078125,12.922534942626953,77.64796447753906,12.965779304504395,77.71673583984375,1.51722252368927,2.0,0.55901700258255,10149,,,,,71133069,6314975,
2015-11-28,1762.181640625,2543.51220703125,12.922440528869629,77.64799499511719,12.992198944091797,77.72103118896484,1.7825194597244263,6.51920223236084,0.7071067690849304,4694,,,,,76970186,2831065,
2015-11-29,1933.024658203125,5114.8076171875,12.922260284423828,77.64781951904297,12.956385612487793,77.71755981445312,2.6199147701263428,28.0,0.5,10406,,,,,72823453,5694162,
2015-11-30,1881.5040283203125,4081.88134765625,12.950952529907227,77.71493530273438,12.958192825317383,77.71717834472656,0.7815858125686646,2.657536506652832,0.5,7550,,,,,80968482,4830746,
2015-12-01,1923.2132568359375,4953.541015625,12.951154708862305,77.71543884277344,12.958871841430664,77.71680450439453,1.5054415464401245,2.5,0.5,8994,,,,,79499765,5529737,
2015-12-02,1849.58154296875,3577.956298828125,12.950285911560059,77.71533203125,12.958867073059082,77.71746063232422,1.6036242246627808,12.0,0.5,6551,,,,,81651625,4295773,
2015-12-03,1846.26806640625,3302.3935546875,12.951212882995605,77.7145767211914,12.958924293518066,77.71681213378906,4.2925028800964355,8.0,0.5,7329,,,,,80435633,4240240,
2015-12-04,1854.283935546875,3042.0869140625,12.742796897888184,77.48006439208984,12.9589262008667,77.716552734375,4.660477161407471,15.0,0.5,9890,,,,,56177108,4374573,
2015-12-05,1765.7421875,2236.616455078125,12.951151847839355,77.61477661132812,12.968781471252441,77.71590423583984,1.1756491661071777,2.3048861026763916,0.5,5924,,,,,73700909,2890735,
2015-12-06,1713.8427734375,1916.7088623046875,12.950674057006836,77.7154769897461,12.951815605163574,77.71742248535156,1.5255656242370605,5.0,0.5,3385,,,,,84302952,2020973,
2015-12-07,1955.1617431640625,4872.3828125,12.951361656188965,77.71537017822266,12.958905220031738,77.71682739257812,0.5216097235679626,0.7071067690849304,0.5,9690,,,,,79285589,6064864,
2015-12-08,1816.544677734375,3358.00634765625,12.951499938964844,77.71527862548828,12.958803176879883,77.71680450439453,4.240495204925537,7.632168769836426,0.55901700258255,6468,,,,,81853538,3742117,
2015-12-09,1877.734375,3759.9482421875,12.94948673248291,77.71319580078125,12.958940505981445,77.7167739868164,2.585700035095215,23.0,0.5,6885,,,,,78037444,4767577,
2015-12-10,1820.739501953125,2976.111328125,12.951175689697266,77.71536254882812,12.958944320678711,77.7168197631836,0.9963979721069336,1.346291184425354,0.5,5933,,,,,82303655,3812419,
2015-12-11,2202.70068359375,3989.3203125,12.927641868591309,77.68378448486328,12.958943367004395,77.71665954589844,7.4669189453125,25.5,0.5,7400,,,,3307064,72594087,4628045,
2015-12-12,1880.51611328125,4062.61181640625,12.95118236541748,77.71531677246094,12.954954147338867,77.71595764160156,2.2406115531921387,8.003905296325684,0.5,7214,,,,,79748761,4814192,
2015-12-13,1924.2147216796875,3746.617431640625,12.951465606689453,77.11095428466797,13.65817928314209,77.71568298339844,8.083772659301758,26.76868438720703,0.5,10536,,,,,54784829,5546524,
2015-12-14,1804.05517578125,3317.2314453125,12.951131820678711,77.71512603759766,12.9588041305542,77.71759033203125,6.48766565322876,13.0,2.75,6191,,,,,82067480,3532809,
2015-12-15,1908.58056640625,4416.1259765625,12.950400352478027,77.71513366699219,12.958715438842773,77.71685028076172,,,,8848,,,,,80021232,5284517,
2015-12-16,1832.32763671875,3426.466796875,12.951205253601074,77.71509552001953,12.958940505981445,77.71672058105469,4.149525165557861,25.0,0.9013878107070923,6767,,,,,81573296,4006620,
2015-12-17,1921.343994140625,4704.36181640625,12.951104164123535,77.7149658203125,12.958941459655762,77.71745300292969,9.968903541564941,25.0,0.5,8315,,,,,80481994,5498410,
2015-12-18,1881.4578857421875,3600.4921875,12.951184272766113,77.71546173095703,12.958940505981445,77.71672821044922,2.3584952354431152,2.3584952354431152,2.3584952354431152,7990,,,,,40559912,4829976,
2015-12-19,1757.6436767578125,793.4500122070312,17.898090362548828,73.94620513916016,18.572011947631836,73.97132110595703,2.83990478515625,12.25,0.5,3624,,,,884443,59440584,1261222,
2015-12-20,2169.78857421875,2865.506591796875,18.562021255493164,73.91643524169922,19.573894500732422,74.20751190185547,24.109390258789062,48.0,0.7071067690849304,5193,,,,3819408,57598646,3211154,
2015-12-21,1625.92333984375,316.76788330078125,20.163127899169922,73.9913101196289,20.163227081298828,73.99163055419922,0.8087126016616821,2.0,0.5,2921,,,,,83306052,547562,
2015-12-22,2114.49853515625,3794.898681640625,20.16315269470215,73.99137115478516,20.16323471069336,73.99138641357422,0.5238226652145386,1.520690679550171,0.5,10311,,,,2353496,72599828,4760446,
2015-12-23,1610.7138671875,202.7255859375,20.162948608398438,73.99059295654297,20.163951873779297,73.99151611328125,2.459811210632324,9.0,0.5,1568,,,,,84786284,292671,
2015-12-24,1773.57373046875,916.7512817382812,20.16303825378418,73.99141693115234,20.16319465637207,73.99159240722656,0.7793900370597839,1.0,0.5,5561,,,,799825,76859517,1671108,
2015-12-25,1636.215087890625,437.697998046875,20.16274642944336,73.99066162109375,20.16318702697754,73.99158477783203,5.0,8.5,1.5,4664,,,,,75056481,720038,
2015-12-26,1647.012451171875,691.4464111328125,20.16301727294922,73.99082946777344,20.163467407226562,73.99154663085938,,,,3401,,,,,80492805,900991,
2015-12-27,1957.819091796875,5234.49755859375,20.163097381591797,73.99127197265625,20.17146110534668,73.99372100830078,1.1514265537261963,1.346291184425354,0.75,16191,,,,,64394901,6109683,
2015-12-28,625.4072875976562,,20.1628475189209,73.99138641357422,20.16326332092285,73.99175262451172,0.6035446524620056,0.7071067690849304,0.5,1218,,,,,33915075,,
2016-01-01,1520.827880859375,,,,,,,,,,,,,,,,
2016-01-02,1593.2498779296875,,,,,,,,,,,,,,,,
2016-01-03,1593.2498779296875,,,,,,,,,,,,,,,,
2016-01-04,1593.2498779296875,,,,,,,,,,,,,,,,
2016-01-05,1593.2498779296875,,,,,,,,,,,,,,,,
2016-01-06,1593.2498779296875,,,,,,,,,,,,,,,,
2016-01-07,1593.2498779296875,,,,,,,,,,,,,,,,
2016-01-08,1907.5001220703125,4038.73974609375,12.951444625854492,77.71548461914062,12.958843231201172,77.71683502197266,0.5,0.5,0.5,8642,,,,,76461026,5266403,
2016-01-09,1751.71630859375,1294.3336181640625,12.922422409057617,77.64818572998047,12.951087951660156,77.71564483642578,0.8703389763832092,1.5811388492584229,0.7071067690849304,2533,,,,434128,73301534,1922457,
2016-01-10,1776.4521484375,2642.37060546875,12.951159477233887,77.71527862548828,12.951677322387695,77.7159194946289,1.1244882345199585,1.25,1.0,5526,,,,,80741915,3070219,
2016-01-11,1845.4501953125,3207.243896484375,12.950981140136719,77.71529388427734,12.958979606628418,77.71680450439453,1.7104856967926025,1.8027756214141846,1.5,6229,,,,,82065635,4226538,
2016-01-12,1746.9053955078125,2608.109619140625,12.951010704040527,77.71533966064453,12.958677291870117,77.71660614013672,1.75,1.75,1.75,4291,,,,,83824942,2575058,
2016-01-13,1838.92626953125,3406.3603515625,12.951189994812012,77.7155532836914,12.958697319030762,77.71681213378906,0.9013878107070923,0.9013878107070923,0.9013878107070923,6503,,,,,80805661,4113295,
2016-01-14,1856.887939453125,3807.297119140625,12.951355934143066,77.71561431884766,12.958632469177246,77.71678161621094,,,,7749,,,,,79951372,4418212,
2016-01-15,1832.4517822265625,3575.083984375,,,,,,,,7426,,,,,77439982,4008699,
2016-01-16,1863.981201171875,4087.432373046875,12.950982093811035,77.715087890625,12.958868980407715,77.71687316894531,0.5,0.5,0.5,8741,,,,,76756794,4537089,
2016-01-17,1947.013916015625,4803.861328125,12.951095581054688,77.71150970458984,12.958026885986328,77.7169189453125,1.3077316284179688,2.25,0.5,8127,,,,,77814790,5928605,
2016-01-18,1829.4527587890625,3426.341552734375,12.95112419128418,77.71527862548828,12.958971977233887,77.7168960571289,2.978257417678833,3.0,0.5,6274,,,,,81939056,3958438,
2016-01-19,1789.2578125,2748.77294921875,12.9513521194458,77.7155532836914,12.958972930908203,77.71684265136719,1.0307763814926147,1.0307763814926147,1.0307763814926147,5493,,,,,82890373,3284827,
2016-01-20,1845.745361328125,3458.5625,12.957856178283691,77.71533203125,12.958930015563965,77.71685791015625,,,,6348,,,,,81482548,4231482,
2016-01-21,1869.409912109375,3307.0439453125,12.951021194458008,77.71539306640625,12.958158493041992,77.71686553955078,1.9089469909667969,2.2360680103302,1.25,6768,,,,,81447440,4628064,
2016-01-22,1760.9276123046875,1996.459228515625,12.95078182220459,77.71533203125,12.958597183227539,77.71682739257812,,,,4915,,,,,81483926,2701052,47920
2016-01-23,1790.6646728515625,2967.72265625,12.9512357711792,77.69734954833984,13.007506370544434,77.71744537353516,2.6741201877593994,11.597413063049316,1.0,7760,,,,,72721491,3308409,
2016-01-24,1771.480712890625,2744.365234375,12.951037406921387,77.71554565429688,12.951082229614258,77.71566772460938,,,,5528,,,,,81575299,2986907,
2016-01-25,1951.1474609375,4654.9541015625,12.951068878173828,77.71514129638672,12.95819091796875,77.71676635742188,1.3852739334106445,3.25,0.5,9115,,,,,79123176,5997878,
2016-01-26,2234.72509765625,12922.67578125,12.949467658996582,77.70819854736328,13.154077529907227,78.33785247802734,7.3262434005737305,67.0,0.5,11484,,,,2465913,61844883,6234864,154113
2016-01-27,1816.018310546875,3215.779052734375,12.95110034942627,77.71527862548828,12.958651542663574,77.71658325195312,1.3623381853103638,2.25,0.5,6128,,,,,81718242,3733292,
2016-01-28,1811.650146484375,3072.97705078125,12.95009708404541,77.71469116210938,12.958656311035156,77.71687316894531,2.1932435035705566,10.0,0.5,6364,,,,,81660297,3660084,
2016-01-29,1844.895751953125,3816.10546875,12.949342727661133,77.714599609375,12.958802223205566,77.71687316894531,2.3935983180999756,18.0,0.5,7609,,,,,81458738,4217237,
2016-01-30,1754.0625,2233.057373046875,12.949529647827148,77.70690155029297,12.989012718200684,77.7186279296875,2.8649041652679443,20.665491104125977,0.5,4744,,,,,78371591,2695001,
2016-01-31,1976.29052734375,5887.923828125,12.949020385742188,77.71446228027344,12.957950592041016,77.7167739868164,2.073640823364258,7.0,0.5,10710,,,,,78354643,6419251,
2016-02-01,1926.6275634765625,4103.3740234375,12.949955940246582,77.71488952636719,12.958966255187988,77.71683502197266,5.6197686195373535,25.0,0.5,7946,,,,,77899032,5586955,
2016-02-02,1887.854248046875,4142.1982421875,12.949944496154785,77.71459197998047,12.95846939086914,77.717529296875,1.1957216262817383,15.0,0.5,8399,,,,,80502355,4937169,
2016-02-03,1911.707763671875,4377.88232421875,12.94921588897705,77.7147445678711,12.958966255187988,77.71683502197266,2.1927225589752197,18.0,0.5,9556,,,,,77439091,5336924,
2016-02-04,896.3438720703125,2738.4287109375,12.957917213439941,77.71560668945312,12.958966255187988,77.71675109863281,,,,5078,,,,,34253114,3235096,
2017-01-10,1378.0986328125,,,,,,,,,,,,,,,,
2017-01-11,1593.25,,,,,,,,,,,,,,,,
2017-01-12,1593.25,,,,,,,,,,,,,,,,
2017-01-13,1593.25,,,,,,,,,,,,,,,,
2017-01-14,1593.25,,,,,,,,,,,,,,,,
2017-01-15,1593.25,,,,,,,,,,,,,,,,
2017-01-16,1593.25,,,,,,,,,,,,,,,,
2017-01-17,1754.9669189453125,1336.5928955078125,,,,,,,,7236,75.0,75.0,75.0,,72098744,2541942,
2017-01-18,1791.256591796875,2585.809814453125,,,,,,,,7476,,,,,79731182,3101878,
2017-01-19,1912.799072265625,3135.04296875,,,,,,,,10433,,,,,80641555,5107183,
2017-01-20,1868.559326171875,2873.6064453125,,,,,,,,8595,,,,,81713640,4377279,
2017-01-21,1832.5447998046875,3378.28173828125,12.960498809814453,77.71501159667969,12.96245288848877,77.72093200683594,,,,6928,,,,,81966072,3783087,
2017-01-22,1880.55078125,3494.51611328125,12.961981773376465,77.72079467773438,12.962430000305176,77.72221374511719,1.9106489419937134,1.9106489419937134,1.9106489419937134,7130,,,,,81052850,4575126,
2017-01-23,1791.96875,2458.9375,12.958269119262695,77.71632385253906,12.958269119262695,77.71632385253906,,,,6614,,,,,82927274,3113632,
2017-01-24,1857.6639404296875,3300.765380859375,,,,,,,,6693,,,,,80875822,4197522,
2017-01-25,1758.26611328125,2136.0400390625,12.962162017822266,77.7198486328125,12.963713645935059,77.72132110595703,1.1528276205062866,1.3233507871627808,0.9223822355270386,6195,,,,,83415792,2557581,
2017-01-26,1746.3135986328125,1665.1424560546875,12.884153366088867,77.65714263916016,12.962116241455078,77.72106170654297,6.800498962402344,16.686779022216797,0.5409730672836304,3445,,,,,74816543,2360376,
2017-01-27,1999.545654296875,2680.515625,12.962361335754395,74.36473846435547,16.433990478515625,77.72069549560547,14.207954406738281,25.524560928344727,0.5033983588218689,12348,,,,,36623753,6538400,
2017-01-28,1649.308349609375,447.1755065917969,18.183584213256836,73.85945129394531,18.563196182250977,73.95398712158203,1.576414704322815,17.1999568939209,0.5059719681739807,2040,,,,,60332230,759907,
2017-01-29,1706.000732421875,561.9853515625,18.547693252563477,73.78614807128906,18.595895767211914,73.92840576171875,0.5416649580001831,4.325211048126221,0.5018541812896729,3780,,,,,68231569,1695258,
2017-01-30,1719.6007080078125,925.06103515625,14.909123420715332,73.85917663574219,18.67718505859375,75.28082275390625,2.979945659637451,19.187299728393555,0.5013394355773926,3693,,,,,27152852,1919648,
2017-01-31,1833.12451171875,2383.73681640625,14.027495384216309,76.57814025878906,14.027658462524414,76.57840728759766,,,,7823,,,,,59620556,3792654,
2017-02-01,1857.0955810546875,2328.62158203125,,,,,,,,7949,,,,,81133878,4188147,
2017-02-02,1846.4234619140625,2968.93896484375,,,,,,,,7335,,,,,81962556,4012066,
2017-02-03,2091.615234375,6719.3037109375,,,,,,,,11809,,,,,74333206,8057437,
2017-02-04,1770.83154296875,1379.841552734375,,,,,,,,3344,,,,,83129691,2764889,
2017-02-05,1743.8818359375,1901.4857177734375,12.960498809814453,77.71578979492188,12.968135833740234,77.72097778320312,,,,4139,,,,,81530032,2320254,
2017-02-06,1603.25,,,,,,,,,,,,,,86400000,,
2017-02-07,1695.625,977.143798828125,,,,,,,,3863,,,,,83983519,1524078,
2017-02-08,1858.3585205078125,2319.92529296875,,,,,,,,9092,,,,,80734314,4208982,
2017-02-09,1851.233154296875,2370.98828125,12.957886695861816,77.71636962890625,12.962069511413574,77.72101593017578,,,,7158,,,,,80033391,4091421,
2017-02-10,1901.656005859375,3056.90087890625,12.962065696716309,77.72093200683594,12.962069511413574,77.72101593017578,,,,8484,,,,595968,78913482,4286404,
2017-02-11,1955.5,4274.8125,,,,,,,,10083,,,,,79019735,5811697,
2017-02-12,1863.017822265625,2832.919677734375,12.954415321350098,77.60720825195312,12.983942031860352,77.72136688232422,2.009042739868164,20.690288543701172,0.5028836131095886,8180,,,,,73367995,4285854,
2017-02-13,1769.173095703125,772.8720092773438,,,,,,,,7213,,,,,81439335,2737529,
2017-02-14,1887.25390625,2223.388427734375,,,,,,,,8523,,,,,80452371,4685723,
2017-02-15,1946.14794921875,2846.179443359375,,,,,,,,9993,,,,,77231011,5657403,
2017-02-16,1776.951171875,1350.627685546875,12.891898155212402,77.63782501220703,12.892303466796875,77.63816833496094,0.6452043056488037,0.7118608355522156,0.5785477757453918,10375,,,,,69594752,2865860,
2017-02-17,1899.20263671875,832.0994873046875,,,,,,,,8382,,,,,80176056,4882860,
2017-02-18,1855.6767578125,1359.39404296875,12.954355239868164,77.72039031982422,12.962069511413574,77.73191833496094,3.169910192489624,12.004866600036621,0.5219283103942871,9988,,,,,71049935,4164732,
2017-02-19,1809.402099609375,1113.3873291015625,,,,,,,,7768,,,,,75659104,3401259,
2017-02-20,1881.7197265625,1307.51806640625,,,,,,,,12293,,,,,70681694,4594416,
2017-02-21,1985.348388671875,1408.216552734375,,,,,,,,16293,,,,,76087259,6304156,
2017-02-22,1819.19921875,1223.4307861328125,,,,,,,,9197,,,,,80173813,3562898,
2017-02-23,2027.267822265625,4606.41015625,12.961701393127441,77.72047424316406,12.964226722717285,77.72257232666016,1.5482350587844849,2.1443328857421875,0.5286197066307068,11538,,,,,77312520,6995784,
2017-02-24,2356.280029296875,4842.4482421875,12.266304969787598,77.71489715576172,12.969027519226074,78.79308319091797,3.610950231552124,23.19595718383789,0.5152369737625122,14600,,,,1069007,46436405,11281580,
2017-02-25,1942.377685546875,3014.514892578125,11.936003684997559,79.04126739501953,12.265296936035156,79.84928131103516,2.0766923427581787,22.99264144897461,0.5033983588218689,11222,,,,,54198237,5595195,
2017-02-26,1615.139404296875,30.19925880432129,11.866127014160156,77.70992279052734,12.968111038208008,79.83340454101562,2.8592379093170166,16.292503356933594,0.5008247494697571,904,,,,,50845272,196161,
2017-02-27,1956.4783935546875,1583.1075439453125,,,,,,,,9502,,,,,79242376,5827841,
2017-02-28,1938.6932373046875,2069.506103515625,,,,,,,,11255,,,,,76596030,5534408,
2017-03-01,1783.680908203125,409.1334228515625,,,,,,,,8207,,,,,81273453,2976893,
2017-03-02,1867.114013671875,674.1153564453125,,,,,,,,9681,,,,,80218014,4353439,
2017-03-03,1946.1793212890625,3175.6162109375,12.959837913513184,73.84888458251953,19.876306533813477,77.70858764648438,5.489417552947998,13.482633590698242,0.5183252692222595,8797,,,,,44132859,5574739,
2017-03-04,1654.3526611328125,809.7340698242188,,,,,,,,2753,,,,,81372276,843133,
2017-03-05,1802.046142578125,1292.689697265625,20.143299102783203,74.23321533203125,20.143526077270508,74.23721313476562,0.6846835017204285,0.8250997066497803,0.5059719681739807,6979,,,,1758441,78208745,1400571,
2017-03-06,1885.296875,94.0716323852539,,,,,,,,4273,,,,4105053,67893850,266178,
2017-03-07,1660.6729736328125,555.824462890625,,,,,,,,1736,,,,,82511716,947409,
2017-03-08,1612.037109375,54.824249267578125,,,,,,,,1657,,,,,84957559,144977,
2017-03-09,1997.886474609375,3497.02392578125,,,,,,,,10394,,,,,65957076,6511025,
2017-03-10,1851.92626953125,2303.07080078125,19.871917724609375,74.13724517822266,19.888303756713867,74.16858673095703,3.0519440174102783,18.68132781982422,0.5749447345733643,6597,,,,,65774052,4102861,
2017-03-11,1779.095703125,161.08407592773438,18.605112075805664,73.7906723022461,18.757709503173828,73.85881042480469,7.152440547943115,17.692031860351562,0.5142074823379517,2344,,,,2273096,44548443,471880,
2017-03-12,1723.3876953125,938.1021728515625,18.479366302490234,73.75836944580078,18.61193084716797,73.8482437133789,4.251336097717285,20.468957901000977,0.5049424767494202,3671,,,,,33562603,1970633,
2017-03-13,1947.0711669921875,3225.24072265625,12.955578804016113,76.58335876464844,14.016975402832031,77.71835327148438,8.402159690856934,23.75597381591797,0.5250166654586792,9455,,,,,52971781,5672633,
2017-03-14,1791.2646484375,1100.207763671875,12.96703815460205,77.71073913574219,12.967485427856445,77.71129608154297,,,,7496,,,,,82209138,3102013,
2017-03-15,1634.76611328125,201.76490783691406,,,,,,,,4037,,,,,85252813,519979,
2017-03-16,1750.130615234375,14.778360366821289,12.968427658081055,77.71538543701172,12.970810890197754,77.71735382080078,,,,7918,,,,,80138921,2423353,
2017-03-17,1759.762451171875,2152.420654296875,,,,,,,,4300,,,,,81750614,2582266,
2017-03-18,1917.4840087890625,2941.2255859375,,,,,,,,8003,,,,,77883383,5184479,
2017-03-19,1749.688720703125,2125.31591796875,12.969491004943848,77.71538543701172,12.970810890197754,77.71735382080078,,,,4536,,,,,81875253,2416062,
2017-03-20,1875.202880859375,1798.3907470703125,,,,,,,,9299,,,,,79992095,4486895,
2017-03-21,1882.48388671875,2167.9208984375,,,,,,,,8164,,,,,80594390,4607019,
2017-03-22,1869.053955078125,2434.29638671875,,,,,,,,9400,,,,,79732880,3724419,281992
2017-03-23,1871.953369140625,1420.8594970703125,,,,,,,,8152,,,,,81875279,3928288,186502
2017-03-24,1975.224609375,3146.74755859375,,,,,,,,12226,,,,,65458902,6137133,
2017-03-25,1796.2821044921875,2612.9130859375,12.960688591003418,77.71572875976562,12.96923828125,77.71634674072266,1.4107310771942139,3.018845796585083,0.6531825065612793,6375,,,,,76998059,3184802,
2017-03-26,1962.8829345703125,4877.2080078125,,,,,,,,9521,,,,,74497818,4788859,334050
2017-03-27,1955.00634765625,3095.76220703125,12.967921257019043,77.71534729003906,12.970810890197754,77.7172622680664,,,,10489,,,,,79336685,5803556,
2017-03-28,1894.2579345703125,2270.9990234375,12.95666217803955,77.71502685546875,12.970810890197754,77.71713256835938,,,,10443,,,,,80825490,4190648,248967
2017-03-29,1674.434814453125,821.4363403320312,12.96729564666748,77.71538543701172,12.970810890197754,77.71735382080078,,,,1986,,,,,84528993,1174464,
2017-03-30,1841.2783203125,3001.615966796875,12.957653999328613,77.71453857421875,12.969667434692383,77.71842956542969,,,,8519,,,,,80617825,3526064,124961
2017-03-31,1730.980712890625,823.8820190429688,12.956754684448242,77.71511840820312,12.970806121826172,77.71807098388672,,,,4466,,,,,80699366,2107403,
2017-04-01,1676.0860595703125,1191.5062255859375,12.967448234558105,77.71529388427734,12.971169471740723,77.71735382080078,0.8105148673057556,1.1380507946014404,0.5008247494697571,2841,,,,,85036713,1201706,
2017-04-02,1835.154541015625,2830.5654296875,12.956056594848633,77.7136001586914,12.971169471740723,77.71842956542969,,,,6332,,,,,77745755,3826147,
2017-04-03,1789.85546875,1569.5631103515625,12.956844329833984,77.71529388427734,12.971169471740723,77.71762084960938,,,,6232,,,,,82006544,3078762,
2017-04-04,1954.1177978515625,3019.321044921875,12.957785606384277,77.71430969238281,12.970806121826172,77.71735382080078,,,,9233,,,,,79977979,4956004,351174
2017-04-05,1810.1259765625,1714.355224609375,12.957785606384277,77.7155532836914,12.971169471740723,77.71735382080078,,,,7862,,,,,78750249,2402475,394890
2017-04-06,1721.103271484375,288.8072509765625,12.954766273498535,77.71253204345703,12.969663619995117,77.74095916748047,,,,4780,,,,,78748053,1944441,
2017-04-07,1687.79931640625,1037.70751953125,12.967950820922852,77.71560668945312,12.9692964553833,77.71717071533203,,,,2214,,,,,84251431,385214,380508
2017-04-08,1778.71533203125,2604.56884765625,12.96827507019043,77.63155364990234,13.030799865722656,77.7172622680664,,,,4482,,,,,70107117,2894966,
2017-04-09,1934.525634765625,5124.94287109375,13.005934715270996,77.55668640136719,13.047039985656738,77.63441467285156,2.2991483211517334,17.580337524414062,0.5028836131095886,10310,,,,,74691833,5465643,
2017-04-10,1758.5205078125,1773.1651611328125,,,,,,,,5905,,,,,81945323,2561778,
2017-04-11,1884.80517578125,2567.888427734375,12.94803524017334,77.70624542236328,12.948241233825684,77.70789337158203,2.62416410446167,4.920229911804199,1.008340835571289,9026,,,,,72563736,3591211,351306
2017-04-12,1869.184814453125,1369.2254638671875,,,,,,,,9254,,,,,81076899,4387602,
2017-04-13,1967.2313232421875,2525.465087890625,,,,,,,,12042,,,,,78180627,6005252,
2017-04-14,1666.151611328125,497.078369140625,12.963178634643555,77.71086883544922,12.969338417053223,77.71625518798828,2.2628982067108154,5.467894077301025,0.5697975158691406,2236,,,,,79996932,1037800,
2017-04-15,1874.585693359375,1839.903564453125,,,,,,,,8608,,,,,74483213,4476711,
2017-04-16,1706.89697265625,826.6182250976562,,,,,,,,4793,,,,,81914466,1710049,
2017-04-17,1942.4482421875,1520.9833984375,,,,,,,,12363,,,,,79290823,5596362,
2017-04-18,1603.25,,,,,,,,,,,,,,86400000,,
2017-04-19,1620.95751953125,141.07293701171875,,,,,,,,926,,,,,82344692,292157,
2017-04-20,1942.04345703125,2957.018310546875,,,,,,,,8211,,,,,79069150,5589684,
2017-04-21,1973.95263671875,2345.59619140625,,,,,,,,11345,,,,,78713138,6116144,
2017-04-22,1889.748046875,2505.885009765625,12.90701675415039,77.60282135009766,12.969212532043457,77.71633911132812,0.9525679349899292,8.988594055175781,0.5147222280502319,8257,,,,,64390887,4726875,
2017-04-23,2120.496337890625,5436.10205078125,12.954482078552246,77.59227752685547,12.98412799835205,77.71841430664062,3.1768505573272705,21.45516586303711,0.5028836131095886,12897,,,,,67377748,8523914,
2017-04-24,1888.250732421875,2110.11279296875,,,,,,,,9509,,,,,80636128,4702170,
2017-04-25,1825.608154296875,1602.6273193359375,,,,,,,,9362,,,,,81668700,3668638,
2017-04-26,1869.1920166015625,2571.9384765625,,,,,,,,9486,,,,,77154171,4382242,
2017-04-27,1760.4075927734375,1361.24560546875,12.968846321105957,77.71595001220703,12.969524383544922,77.71647644042969,1.8275212049484253,2.8026626110076904,1.32283616065979,8223,,,,,80929112,2592915,
2017-04-28,1863.4716796875,1059.6112060546875,,,,,,,,8864,,,,,79070634,4293340,
2017-04-29,1762.988525390625,1899.8719482421875,12.964590072631836,77.71009826660156,12.970181465148926,77.71663665771484,1.0200163125991821,4.567645072937012,0.5327374935150146,5292,,,,,82365209,2635492,
2017-04-30,2090.371826171875,3543.94921875,12.896904945373535,77.56346893310547,13.031272888183594,77.6341781616211,1.637886881828308,22.602481842041016,0.5070013999938965,10266,,,,1232812,61706591,6719359,
2017-05-01,2037.996337890625,6046.8212890625,12.962601661682129,77.71316528320312,12.969612121582031,77.71821594238281,1.0440425872802734,2.2189674377441406,0.5183252692222595,10878,,,,,74987167,7172785,
2017-05-02,1728.644775390625,339.6941223144531,,,,,,,,6347,,,,,82014347,2068862,
2017-05-03,1806.9593505859375,2609.158203125,,,,,,,,6872,,,,,80988947,3360957,
2017-05-04,1869.53076171875,1618.9949951171875,,,,,,,,6987,,,,,78937707,4393316,
2017-05-05,1784.966552734375,1030.7833251953125,12.96858024597168,77.7157211303711,12.970555305480957,77.71647644042969,2.188570737838745,5.221857070922852,0.8966460824012756,5174,,,,,81658528,2998107,
2017-05-06,1959.98681640625,4218.15380859375,,,,,,,,12728,,,,,73733045,5885727,
2017-05-07,2065.064453125,6060.0869140625,12.965106010437012,77.71238708496094,12.969813346862793,77.71632385253906,0.8087968826293945,2.395002603530884,0.5095750093460083,11528,,,,,75647954,7619383,
2017-05-08,1967.26171875,3486.061767578125,,,,,,,,8912,,,,728944,80060665,5226697,
2017-05-09,1978.765869140625,1776.3955078125,12.969316482543945,77.71613311767578,12.969383239746094,77.71617889404297,1.4449539184570312,2.563831329345703,1.0186352729797363,10260,,,,,78958761,6195558,
2017-05-10,1738.176025390625,897.0670166015625,12.95747184753418,77.71538543701172,12.970722198486328,77.71794128417969,,,,6380,,,,,80684608,2226114,
2017-05-11,1885.98193359375,2899.59033203125,,,,,,,,10757,,,,,77924859,4664733,
2017-05-12,2012.087646484375,3492.10400390625,,,,,,,,11090,,,,,75866778,6745324,
2017-05-13,1842.493408203125,2554.82177734375,,,,,,,,6350,,,,,74682924,3947225,
2017-05-14,1981.715087890625,3775.357177734375,12.963852882385254,77.71636199951172,12.988748550415039,77.72865295410156,4.266119480133057,7.2030229568481445,0.6315641403198242,9529,,,,,69062378,6244216,
2017-05-15,1885.2459716796875,1994.5657958984375,,,,,,,,8136,,,,,78833564,4652591,
2017-05-16,2052.31787109375,3464.342041015625,,,,,,,,12960,,,,,75927186,7409074,
2017-05-17,1801.8602294921875,753.8250122070312,,,,,,,,6926,,,,,79038364,3276828,
2017-05-18,1882.7489013671875,1133.2569580078125,,,,,,,,10559,,,,,80318407,4611395,
2017-05-19,1663.7109375,120.22066497802734,12.96681022644043,75.71259307861328,14.564787864685059,77.58779907226562,2.1963484287261963,7.19478702545166,0.6315641403198242,2114,,,,,30675405,997534,
2017-05-20,2102.463134765625,1834.8419189453125,18.446731567382812,73.83460998535156,19.956344604492188,73.94649505615234,5.332594394683838,16.12058448791504,0.5013394355773926,6629,,,,4352695,40579148,3584494,
2017-05-21,1834.55322265625,1771.9498291015625,,,,,,,,8235,,,,,77961029,3816225,
2017-05-22,1689.88818359375,595.523193359375,,,,,,,,4239,,,,,79257204,1429427,
2017-05-23,1775.4161376953125,2355.029052734375,,,,,,,,6166,,,,,80167159,2840533,
2017-05-24,1702.6153564453125,943.0997924804688,,,,,,,,4415,,,,,80884776,1631770,
2017-05-25,1682.49169921875,672.8978881835938,19.846529006958008,73.96905517578125,19.84666633605957,73.96942901611328,1.544694423675537,3.7013676166534424,0.8611302971839905,6054,,,,,65613696,1307393,
2017-05-26,1764.4920654296875,521.1347045898438,,,,,,,,3607,,,,1342901,74587210,1225084,
2017-05-27,1745.106201171875,1787.8031005859375,21.016054153442383,75.56331634521484,21.017250061035156,75.56365203857422,0.9903634786605835,3.0430378913879395,0.5358258485794067,4141,,,,,49434204,2340454,
2017-05-28,1603.249755859375,,,,,,,,,1552,,,,,75592684,,
2017-05-29,1684.1177978515625,769.0552978515625,,,,,,,,2257,,,,,30167844,1334220,
2017-05-30,1843.9423828125,3247.175048828125,12.980342864990234,76.73887634277344,13.839539527893066,77.57787322998047,0.8072548508644104,2.1700689792633057,0.5018541812896729,6177,,,,,54631526,3971134,
2017-05-31,1939.61474609375,2406.01318359375,,,,,,,,10842,,,,,77458386,5549614,
2017-06-01,1864.71337890625,2081.345458984375,,,,,,,,7818,,,,,79646641,4313830,
2017-06-02,1956.935791015625,3658.91943359375,,,,,,,,10542,,,,,80454959,5835390,
2017-06-03,1845.22509765625,650.1492919921875,12.969202995300293,77.63369750976562,13.030855178833008,77.71617889404297,,,,2853,,,,1997090,77460959,1857918,
2017-06-04,1810.6298828125,2386.682861328125,12.99750804901123,77.41790008544922,13.333885192871094,77.69567108154297,3.96091628074646,22.445491790771484,0.5327374935150146,8321,,,,,61065789,3421519,
2017-06-05,1763.61083984375,693.4070434570312,,,,,,,,6112,,,,,75126697,2645761,
2017-06-06,1789.224365234375,1171.3466796875,,,,,,,,5538,,,,,79615910,3068352,
2017-06-07,1943.54345703125,2629.468505859375,12.968976974487305,77.71550750732422,12.969405174255371,77.71607208251953,0.5800919532775879,0.5800919532775879,0.5800919532775879,9908,,,,,80169601,5614431,
2017-06-08,1898.8785400390625,2180.6376953125,,,,,,,,9171,,,,,80894283,4877511,
2017-06-09,1865.4072265625,2137.69677734375,,,,,,,,7974,,,,,79878375,4325278,
2017-06-10,1790.51416015625,3067.70947265625,,,,,,,,5358,,,,,82413027,3089632,
2017-06-11,1883.162841796875,3617.350830078125,,,,,,,,6907,,,,,80021431,4618224,
2017-06-12,1975.517333984375,2650.084716796875,,,,,,,,9976,,,,,79416554,6141091,
2017-06-13,1936.1900634765625,3348.62548828125,,,,,,,,9567,,,,,79084484,5493113,
2017-06-14,1803.2940673828125,1725.3870849609375,,,,,,,,6305,,,,,81450431,3300486,
2017-06-15,1905.261962890625,1576.66357421875,,,,,,,,8854,,,,,81239321,4982832,
2017-06-16,1833.0374755859375,1363.2510986328125,,,,,,,,6787,,,,,81333884,3791215,
2017-06-17,1764.989990234375,1529.50439453125,12.977703094482422,77.60845184326172,13.030746459960938,77.63406372070312,3.016939401626587,17.286945343017578,0.5008247494697571,7119,,,,,71427481,2668513,
2017-06-18,1726.92431640625,1056.1107177734375,,,,,,,,2708,,,,,76391889,2040479,
2017-06-19,1862.8916015625,1322.151123046875,,,,,,,,9784,,,,,81972926,4283774,
2017-06-20,1751.950927734375,1335.832763671875,,,,,,,,6166,,,,,82690999,2453386,
2017-06-21,1771.7757568359375,1250.6033935546875,,,,,,,,4166,,,,,65802722,2780472,
2017-06-22,1796.073486328125,1559.0528564453125,13.042427062988281,80.24272155761719,13.053508758544922,80.24884796142578,1.8827461004257202,4.726179599761963,0.5203841924667358,3620,,,,,61865688,3181355,
2017-06-23,1954.000244140625,3846.22705078125,,,,,,,,11183,,,,,75296907,5786953,
2017-06-24,1935.10791015625,1922.6988525390625,12.967448234558105,77.69891357421875,13.006631851196289,77.7171630859375,2.5487723350524902,14.752968788146973,0.5224430561065674,3879,,,,3208042,75317086,2046676,
2017-06-25,2001.9427490234375,3848.068115234375,13.03073501586914,77.63351440429688,13.03073501586914,77.63351440429688,,,,8919,,,,,67070515,6577947,
2017-06-26,1964.737548828125,4420.435546875,12.969202995300293,77.71617889404297,12.969202995300293,77.71617889404297,,,,9040,,,,,74341206,5964105,
2017-06-27,1957.2567138671875,3285.092529296875,,,,,,,,9680,,,,,79706038,5840682,
2017-06-28,1870.1724853515625,2291.3349609375,,,,,,,,9273,,,,,81929665,4403894,
2017-06-29,1864.5948486328125,2370.835693359375,,,,,,,,8822,,,,,80684005,4311873,
2017-06-30,1959.1219482421875,3160.594970703125,12.967676162719727,77.71532440185547,12.97057819366455,77.71617889404297,0.8107638359069824,1.7212311029434204,0.5136927962303162,11630,,,,,75026382,5871454,
2017-07-01,1833.398193359375,2771.367431640625,12.968783378601074,77.7160415649414,12.977043151855469,77.72198486328125,0.7834072113037109,0.7834072113037109,0.7834072113037109,8445,,,,,76830630,3797165,
2017-07-02,1711.4375,1911.04833984375,,,,,,,,4161,,,,,77714816,1784961,
2017-07-03,1712.86181640625,739.5923461914062,,,,,,,,4154,,,,,79430362,1808466,
2017-07-04,1942.93408203125,3761.25537109375,,,,,,,,9540,,,,,77009017,5604376,
2017-07-05,1830.66162109375,1634.7747802734375,,,,,,,,7621,,,,,77810069,3752016,
2017-07-06,1755.724365234375,460.334716796875,12.954096794128418,77.70417022705078,12.96207332611084,77.71040344238281,5.40964937210083,10.629528999328613,0.9007638692855835,5621,,,,,71450735,2515644,
2017-07-07,2464.01806640625,5245.947265625,13.027685165405273,76.56343841552734,31.634218215942383,77.70977783203125,5.765459060668945,37.47074890136719,0.5373700261116028,10881,,,,7083172,45951050,6631522,
2017-07-08,2575.190673828125,2925.08154296875,31.771574020385742,76.98357391357422,31.771574020385742,76.98357391357422,,,,10253,,,,9724270,63917434,5643076,
2017-07-09,1942.91455078125,2505.314208984375,31.691402435302734,77.03070068359375,32.19337844848633,77.19495391845703,8.236102104187012,15.002608299255371,0.5049424767494202,11261,,,,497128,54958907,5072747,
2017-07-10,2067.229736328125,677.0997314453125,,,,,,,,5371,,,,5340767,56322419,1947184,
2017-07-11,2382.14697265625,406.88641357421875,,,,,,,,9950,,,,10318273,70073387,1823247,
2017-07-12,2750.77099609375,7103.61328125,,,,,,,,17899,,,,9767596,46090009,8493627,
2017-07-13,1865.4583740234375,1945.8199462890625,,,,,,,,10867,,,,,65066888,4326122,
2017-07-14,2635.837890625,2963.50244140625,,,,,,,,13158,,,,11436301,59739334,4813956,
2017-07-15,2728.28076171875,546.1728515625,,,,,,,,8080,,,,16359741,57262223,1077240,
2017-07-16,2656.565673828125,3318.14697265625,,,,,,,,7808,,,,13498109,56495448,2952392,
2017-07-17,2057.45166015625,380.92864990234375,32.243961334228516,77.1837158203125,32.267677307128906,77.19493865966797,0.6693173050880432,4.184691429138184,0.5018541812896729,3483,,,,6393476,51769956,660779,
2017-07-18,1731.5439453125,1496.760986328125,,,,,,,,4193,,,,,35727450,2116698,
2017-07-19,1998.4073486328125,3419.240478515625,28.452045440673828,77.0515365600586,28.45634651184082,77.06085205078125,10.387020111083984,14.617596626281738,1.2451130151748657,8597,,,,600000,53101127,5878371,
2017-07-20,1746.747314453125,1798.054443359375,13.041094779968262,77.05218505859375,28.568952560424805,77.71006774902344,16.98949432373047,21.15456771850586,0.7813483476638794,4310,,,,,75830974,2367528,
2017-07-21,1819.9599609375,2230.7763671875,,,,,,,,4692,,,,,77771761,3575450,
2017-07-22,1825.83837890625,3303.08740234375,,,,,,,,5155,,,,,78267219,3672437,
2017-07-23,1687.813232421875,1046.7216796875,,,,,,,,1949,,,,,85004807,1395193,
2017-07-24,1792.0338134765625,1169.3756103515625,,,,,,,,6181,,,,,82541976,3114708,
2017-07-25,1841.371337890625,2476.14599609375,,,,,,,,7993,,,,,77680269,3928712,
2017-07-26,1681.811279296875,367.3647155761719,,,,,,,,2998,,,,,74630485,1296168,
2017-07-27,1719.72509765625,1088.162353515625,,,,,,,,4596,,,,,84285755,1921697,
2017-07-28,1817.788330078125,3185.89892578125,,,,,,,,6274,,,,,78473802,3539622,
2017-07-29,2053.0419921875,4963.419921875,,,,,,,,14085,,,,,61913625,7421025,
2017-07-30,1920.0833740234375,4316.11083984375,12.968863487243652,77.7152328491211,12.973206520080566,77.71627807617188,1.4945310354232788,2.5741257667541504,0.5085455775260925,8570,,,,,81134615,5227369,
2017-07-31,1878.519775390625,2068.37939453125,,,,,,,,9442,,,,,80487809,4541620,
2017-08-01,1833.59130859375,1582.724609375,,,,,,,,7725,,,,,80768305,3800351,
2017-08-02,1704.440673828125,270.5093078613281,,,,,,,,5277,,,,,83264943,1669523,
2017-08-03,1834.85009765625,772.6993408203125,,,,,,,,7849,,,,,80185413,3821122,
2017-08-04,1945.453857421875,1029.30029296875,,,,,,,,12053,,,,,79642673,5645956,
2017-08-05,1750.43212890625,808.205810546875,,,,,,,,3495,,,,,82758813,2428327,
2017-08-06,1816.1201171875,3126.1279296875,12.969191551208496,77.71613311767578,12.969311714172363,77.71620178222656,,,,5887,,,,,76357575,3512103,
2017-08-07,1766.2606201171875,1647.591552734375,12.958504676818848,77.66790771484375,14.465511322021484,78.81907653808594,2.0031752586364746,10.825637817382812,0.5028836131095886,7945,,,,,59486123,2689474,
2017-08-08,1907.0565185546875,2445.64013671875,14.473794937133789,78.82315826416016,14.478636741638184,78.84012603759766,0.7093315720558167,3.7626194953918457,0.5033983588218689,10402,,,,,76569617,5012404,
2017-08-09,1696.5504150390625,734.8234252929688,12.969202995300293,77.66748809814453,13.479253768920898,78.29853820800781,16.163686752319336,23.1763973236084,0.5466349720954895,3070,,,,,58501305,1539345,
2017-08-10,1777.57421875,1184.1285400390625,12.968953132629395,77.71617889404297,12.96924877166748,77.71649169921875,,,,6521,,,,,81482910,2876145,
2017-08-11,1888.4027099609375,2215.07666015625,12.957837104797363,77.7158432006836,12.958396911621094,77.71698760986328,,,,7794,,,,,78975419,4704675,
2017-08-12,1813.691650390625,1407.7486572265625,,,,,,,,4809,,,,,82927969,3472031,
2017-08-13,1668.1697998046875,767.9691162109375,12.95011043548584,77.7127914428711,12.950251579284668,77.71351623535156,1.1056233644485474,1.1056233644485474,1.1056233644485474,2066,,,,,82317481,1071100,
2017-08-14,1887.752197265625,3500.671875,,,,,,,,9087,,,,,79355017,4693943,
2017-08-15,1766.2484130859375,2942.272705078125,,,,,,,,5128,,,,,83469922,2689275,
2017-08-16,1921.8310546875,3488.111328125,,,,,,,,8489,,,,,78965107,4232913,325947
2017-08-17,1845.342529296875,1831.4775390625,,,,,,,,8451,,,,,78805830,3994236,
2017-08-18,1848.517333984375,2596.5947265625,,,,,,,,7355,,,,,81169381,4046620,
2017-08-19,1845.16259765625,3788.687255859375,,,,,,,,6877,,,,,79894534,3991268,
2017-08-20,2247.244140625,3418.122802734375,12.97815990447998,77.43302917480469,13.04765510559082,77.58218383789062,8.64600658416748,19.564077377319336,0.9990758299827576,13655,,,,3364102,62154635,7029755,
2017-08-21,1840.11328125,3023.107421875,,,,,,,,9895,,,,,79838876,3907961,
2017-08-22,1719.628662109375,2040.0426025390625,,,,,,,,3678,,,,,83781652,1920103,
2017-08-23,1876.8668212890625,1295.601806640625,,,,,,,,7647,,,,,76739796,4514350,
2017-08-24,1805.04345703125,1109.26416015625,,,,,,,,6248,,,,,81879358,3329348,
2017-08-25,1805.6685791015625,2295.40673828125,,,,,,,,6865,,,,,79191186,3339662,
2017-08-26,1836.28076171875,2833.630859375,,,,,,,,6859,,,,,73403040,3844730,
2017-08-27,1906.5277099609375,13.4932861328125,13.02007007598877,77.58414459228516,13.030797004699707,77.63340759277344,0.939882755279541,2.999286413192749,0.6670799851417542,2619,,,,4533204,64155230,158875,
2017-08-28,1826.091552734375,889.385009765625,,,,,,,,7466,,,,,77655293,3676615,
2017-08-29,2009.0921630859375,3684.71337890625,12.967621803283691,77.71570587158203,12.969035148620605,77.71635437011719,,,,11244,,,,,77664543,6695902,
2017-08-30,1951.7939453125,1660.6414794921875,12.957932472229004,77.71588897705078,12.958436012268066,77.7168960571289,,,,10686,,,,,77891305,5750551,
2017-08-31,1820.798828125,806.5410766601562,,,,,,,,9314,,,,,78797766,3589292,
2017-09-01,2081.8115234375,4653.0576171875,12.967850685119629,77.7156982421875,12.969223976135254,77.71675109863281,,,,13015,,,,,75124182,6413631,445488
2017-09-02,1918.7593994140625,3273.98095703125,,,,,,,,11307,,,,,77753086,5205526,
2017-09-03,1901.949462890625,4417.4619140625,12.9691801071167,77.71615600585938,12.96922492980957,77.71617889404297,,,,8044,,,,,79484416,4928182,
2017-09-04,1988.2320556640625,4210.51708984375,,,,,,,,12081,,,,,78496135,6351736,
2017-09-05,1773.3883056640625,1532.34912109375,,,,,,,,5420,,,,,80615957,2807079,
2017-09-06,1868.1092529296875,2030.632080078125,,,,,,,,9720,,,,,80538835,4369859,
2017-09-07,1780.1895751953125,2075.118896484375,,,,,,,,7462,,,,,82401610,2919286,
2017-09-08,1898.587646484375,1179.8848876953125,,,,,,,,11057,,,,,77160273,4872717,
2017-09-09,1729.9351806640625,1184.6669921875,12.995294570922852,77.66016387939453,13.01690673828125,77.67694091796875,8.267509460449219,15.94249153137207,0.5095750093460083,3745,,,,,69141286,2090154,
2017-09-10,1735.429931640625,1633.775146484375,,,,,,,,5317,,,,,76445471,2180809,
2017-09-11,1994.7650146484375,4279.884765625,,,,,,,,11785,,,,,78483731,6459525,
2017-09-12,1845.0338134765625,1821.0694580078125,,,,,,,,8463,,,,,76242637,3989143,
2017-09-13,1872.4166259765625,2219.52001953125,,,,,,,,7802,,,,,79584639,4440925,
2017-09-14,2119.4677734375,5248.9033203125,,,,,,,,13124,,,,,76114559,7469757,385462
2017-09-15,1837.305419921875,2477.65478515625,,,,,,,,9092,,,,,81007768,3861631,
2017-09-16,1670.452880859375,1025.955322265625,,,,,,,,2044,,,,,85094427,1108768,
2017-09-17,1849.13671875,2304.30810546875,,,,,,,,7482,,,,,78909417,4056833,
2017-09-18,2098.972412109375,4055.5751953125,,,,,,,,12530,,,,,75055220,8178819,
2017-09-19,2011.0400390625,3953.004150390625,,,,,,,,12819,,,,,77347134,6728043,
2017-09-20,2007.861572265625,3522.231201171875,,,,,,,,10349,,,,,76328341,4877812,573139
2017-09-21,2080.6064453125,4433.58447265625,,,,,,,,14226,,,,,77920712,7875800,
2017-09-22,2172.42919921875,4182.6474609375,,,,,,,,15300,,,,680283,68504196,8663717,
2017-09-23,1790.239501953125,1482.71240234375,12.935324668884277,77.6245346069336,12.983280181884766,77.65100860595703,2.248904228210449,12.89893913269043,0.5028836131095886,5027,,,,,69084310,3085108,
2017-09-24,1782.5450439453125,864.4773559570312,,,,,,,,4824,,,,,80224902,2958149,
2017-09-25,1919.324951171875,1046.9041748046875,,,,,,,,9502,,,,,79887217,5214849,
2017-09-26,1942.5335693359375,2870.982666015625,,,,,,,,10879,,,,,81383553,2622821,1203226
2017-09-27,1819.9320068359375,1329.762939453125,,,,,,,,6890,,,,,77139030,3574993,
2017-09-28,2099.6572265625,4231.73095703125,,,,,,,,13715,,,,,77069070,5909957,807689
2017-09-29,1750.1732177734375,932.0324096679688,,,,,,,,3532,,,,,73990856,2424055,
2017-09-30,1664.53515625,561.560302734375,11.498486518859863,76.49180603027344,12.962327003479004,77.53144836425781,4.536543846130371,24.2645206451416,0.527590274810791,3184,,,,,54800649,1011134,
2017-10-01,1637.2216796875,210.1097412109375,11.404322624206543,76.49405670166016,11.49930191040039,76.72391510009766,1.4948428869247437,10.929611206054688,0.5064866542816162,2952,,,,,61866203,560491,
2017-10-02,1603.2498779296875,,11.399511337280273,76.6690673828125,12.988926887512207,77.75231170654297,1.9675877094268799,24.517763137817383,0.5126633048057556,1068,,,,,46134701,,
2017-10-03,1796.7674560546875,806.94970703125,,,,,,,,7771,,,,,81417659,3192803,
2017-10-04,1744.7578125,718.7596435546875,,,,,,,,7791,,,,,81494135,2334709,
2017-10-05,1913.11572265625,1534.174072265625,,,,,,,,11449,,,,,78947052,5112412,
2017-10-06,1739.931640625,314.09832763671875,,,,,,,,7011,,,,,75003056,2255084,
2017-10-07,1854.7857666015625,2823.20263671875,12.96921157836914,77.71588897705078,12.96921157836914,77.71588897705078,,,,7240,,,,,80764371,4150038,
2017-10-08,1937.7269287109375,3278.801513671875,12.985204696655273,77.69388580322266,12.997145652770996,77.72736358642578,4.044893264770508,14.565094947814941,0.5111191868782043,8895,,,,,73491909,5518467,
2017-10-09,1820.84814453125,1033.08740234375,,,,,,,,10019,,,,,77757148,3590105,
2017-10-10,1691.597900390625,5.140299320220947,,,,,,,,7548,,,,,76164748,1457630,
2017-10-11,1844.088134765625,662.0064697265625,12.957942962646484,77.71600341796875,12.969218254089355,77.7166519165039,1.6657477617263794,2.280219554901123,0.5528116822242737,10081,,,,,81844033,3973539,
2017-10-12,1833.828857421875,1807.5130615234375,,,,,,,,10347,,,,,82317664,3804272,
2017-10-13,1929.69775390625,3104.570068359375,12.968154907226562,77.71620178222656,12.969581604003906,77.7164535522461,0.6086451411247253,1.0973877906799316,0.5116338729858398,9623,,,,,78172354,5385997,
2017-10-14,1743.230224609375,2143.932373046875,12.96634292602539,77.71442413330078,12.970381736755371,77.71675109863281,5.004644393920898,5.004644393920898,5.004644393920898,4775,,,,,81365003,2309503,
2017-10-15,1771.3497314453125,2351.213623046875,12.957911491394043,77.55064392089844,13.0242919921875,77.71857452392578,2.951188087463379,9.333972930908203,0.5033983588218689,3890,,,,,30030605,2773446,
2017-10-16,1878.734619140625,2653.791748046875,20.21795082092285,74.04640197753906,20.289506912231445,74.34278106689453,14.023724555969238,19.995929718017578,1.1627575159072876,6346,,,,1367257,48394950,3064585,
2017-10-17,1716.85400390625,697.646240234375,,,,,,,,4274,,,,,81707850,1874329,
2017-10-18,1680.542724609375,752.9764404296875,,,,,,,,3562,,,,,81128414,1275238,
2017-10-19,1666.913330078125,167.77191162109375,,,,,,,,2420,,,,,71754044,1050366,
2017-10-20,1687.3804931640625,1325.07666015625,20.161712646484375,73.99134826660156,20.16329574584961,73.99163818359375,,,,3838,,,,,83025726,1388052,
2017-10-21,1633.1796875,6.4253740310668945,19.999671936035156,73.79520416259766,20.163177490234375,73.99152374267578,9.104615211486816,14.43332576751709,0.5306786298751831,2029,,,,,69146411,493804,
2017-10-22,1697.640625,1628.3541259765625,,,,,,,,4061,,,,,78062030,1557330,
2017-10-23,1765.8524169921875,1169.68603515625,,,,,,,,6131,,,,,74300468,2682745,
2017-10-24,1699.1680908203125,1194.9281005859375,,,,,,,,3257,,,,,78730783,1582534,
2017-10-25,1766.4384765625,1146.71435546875,20.16238784790039,73.99176025390625,20.16314697265625,73.99219512939453,2.191676378250122,4.113659858703613,0.5255314111709595,5170,,,,,83345939,2692417,
2017-10-26,1742.92626953125,1302.252197265625,,,,,,,,5219,,,,,75279211,2304490,
2017-10-27,1689.017822265625,476.6693115234375,20.16316032409668,73.98763275146484,20.163694381713867,73.99170684814453,0.786495566368103,0.786495566368103,0.786495566368103,3476,,,,,75784457,1415063,
2017-10-28,1822.667236328125,853.4952392578125,18.483734130859375,73.83546447753906,18.868274688720703,73.97936248779297,3.1291017532348633,17.756372451782227,0.5013394355773926,2566,,,,1987919,43153543,1495540,
2017-10-29,2076.06884765625,15308.380859375,18.488798141479492,73.8497085571289,18.531679153442383,73.93424224853516,2.918442487716675,17.171648025512695,0.5234724879264832,8909,,,,2540372,72481967,4246308,
2017-10-30,1968.488037109375,4793.1337890625,12.967300415039062,73.89978790283203,18.557790756225586,77.71063995361328,2.8115122318267822,15.44629955291748,0.5023688673973083,11076,,,,,65642469,6025980,
2017-10-31,1710.252685546875,665.1605224609375,,,,,,,,1649,,,,,84634583,1765417,
2017-11-01,1689.9998779296875,732.7994384765625,,,,,,,,1907,,,,,84451820,1431270,
2017-11-02,2008.1016845703125,1674.977294921875,,,,,,,,9855,,,,,77457074,6679565,
2017-11-03,2015.431884765625,2931.13818359375,12.95605182647705,77.70230102539062,12.959351539611816,77.71531677246094,0.5332522392272949,0.5332522392272949,0.5332522392272949,9344,,,,,78429564,6800504,
2017-11-04,1922.363525390625,3315.839599609375,,,,,,,,7453,,,,,76522723,5264983,
2017-11-05,1751.2552490234375,1697.8250732421875,,,,,,,,3436,,,,,83249768,2441907,
2017-11-06,2001.284912109375,2048.02587890625,,,,,,,,11535,,,,,79265767,6567093,
2017-11-07,1826.7720947265625,1370.057861328125,,,,,,,,6697,,,,,81145266,3687845,
2017-11-08,1888.06396484375,1910.855224609375,,,,,,,,7543,,,,,81479235,4699086,
2017-11-09,1954.483642578125,3536.040771484375,,,,,,,,8611,,,,,80145613,5794933,
2017-11-10,2152.46142578125,913.6052856445312,12.95898151397705,76.751220703125,12.963918685913086,77.65543365478516,8.123211860656738,19.564592361450195,0.5136927962303162,7553,,,,4657961,58141266,4083149,
2017-11-11,3414.104736328125,18164.8984375,,,,,,,,37268,,,,,51368585,29876904,
2017-11-12,2489.128662109375,836.6489868164062,13.008346557617188,77.03291320800781,13.011531829833984,77.03706359863281,20.46200942993164,21.05316925048828,20.12615394592285,4295,,,,10448692,54143824,3448933,
2017-11-13,1952.7156982421875,2222.378662109375,,,,,,,,6460,,,,,80634238,5765762,
2017-11-14,1867.04638671875,1210.877685546875,,,,,,,,5431,,,,,81967275,4352322,
2017-11-15,1764.633056640625,2191.806396484375,,,,,,,,3772,,,,,83737377,2662623,
2017-11-16,1999.7679443359375,2606.170654296875,,,,,,,,10054,,,,,78680858,6542072,
2017-11-17,2009.848388671875,2804.459228515625,12.95440673828125,77.65557861328125,13.000371932983398,77.6841812133789,0.9547443985939026,13.468221664428711,0.5018541812896729,11885,,,,,68587430,6708383,
2017-11-18,2118.859619140625,5797.91015625,12.955060958862305,77.63301086425781,13.030902862548828,77.72193145751953,0.5148490071296692,1.8684417009353638,0.507516086101532,7374,,,,3179678,72632632,5108667,
2017-11-19,1928.7921142578125,2829.366455078125,12.96829605102539,77.71558380126953,12.969733238220215,77.7161865234375,,,,7015,,,,,80428724,5371054,
2017-11-20,1908.06298828125,1944.7265625,12.957985877990723,77.71566009521484,12.969244956970215,77.71683502197266,,,,9607,,,,,79498227,5029047,
2017-11-21,1928.032470703125,1743.0819091796875,12.957775115966797,77.71573638916016,12.969598770141602,77.71634674072266,,,,7102,,,,,80656704,5358515,
2017-11-22,2041.8433837890625,4602.4755859375,12.92502212524414,77.68384552001953,12.969600677490234,77.7176513671875,,,,11307,,,,,76661244,7236264,
2017-11-23,1996.3726806640625,2638.49755859375,12.957865715026855,77.71569061279297,12.969250679016113,77.71684265136719,,,,9999,,,,,79913949,6486051,
2017-11-24,2065.366943359375,3385.07177734375,12.958065032958984,77.71562194824219,12.969779968261719,77.71629333496094,,,,13531,,,,,78644971,7624374,
2017-11-25,1708.7548828125,899.8267822265625,12.917293548583984,77.62227630615234,12.969928741455078,77.71845245361328,,,,2853,,,,,76615334,1740701,
2017-11-26,2069.6181640625,5340.0341796875,12.95494270324707,77.55123901367188,13.013497352600098,77.7177734375,2.1519994735717773,12.377525329589844,0.5126633048057556,11160,,,,,68918358,7608609,
2017-11-27,1909.506591796875,1359.7391357421875,12.95805835723877,77.71592712402344,12.969146728515625,77.71668243408203,,,,7900,,,,,81347138,5052862,
2017-11-28,1916.287353515625,2910.88330078125,,,,,,,,9568,,,,,80554698,5164738,
2017-11-29,1873.5174560546875,2077.966796875,,,,,,,,9372,,,,,81658745,4459083,
2017-11-30,1772.3575439453125,599.2369995117188,,,,,,,,7052,,,,,83315099,2790072,
2017-12-01,1990.4794921875,2145.01708984375,,,,,,,,8933,,,,,80011184,6388816,
2017-12-02,2016.1737060546875,2195.312744140625,12.95952320098877,77.70130157470703,22.62749481201172,88.43346405029297,2.8007187843322754,18.94023323059082,0.5399436354637146,8996,,,,,69422734,6812735,
2017-12-03,2108.573974609375,4329.814453125,22.549062728881836,86.9375,23.667720794677734,88.43302917480469,3.568474769592285,26.29509925842285,0.5106044411659241,14010,,,,,62475396,8337236,
2017-12-04,1854.4542236328125,1782.718994140625,,,,,,,,6928,,,,,70287107,4144568,
2017-12-05,2827.127685546875,10287.078125,22.4591007232666,88.34449005126953,22.865938186645508,88.41956329345703,2.850785255432129,17.42900848388672,0.5008247494697571,22442,,,,3568788,58012003,16378364,
2017-12-06,2406.4775390625,5396.8955078125,22.458768844604492,88.34202575683594,22.58758544921875,88.39913177490234,3.0103955268859863,15.134892463684082,0.6295052766799927,15968,,,,,67810719,13252279,
2017-12-07,1928.51806640625,1687.382568359375,12.954523086547852,77.6054458618164,12.994173049926758,77.69474029541016,5.396376132965088,16.17205810546875,0.5028836131095886,6536,,,,,69305845,5366527,
2017-12-08,2012.122802734375,3368.83984375,12.962566375732422,77.7124252319336,12.969456672668457,77.71627807617188,1.697451114654541,4.259840965270996,1.102020263671875,9523,,,,,79531845,6745908,
2017-12-09,1814.73486328125,1761.161865234375,,,,,,,,4880,,,,,82278706,3489245,
2017-12-10,2322.783203125,5714.60595703125,12.9396333694458,77.57984161376953,12.968111991882324,77.7185287475586,6.646607875823975,24.552764892578125,0.5064866542816162,15098,,,,,66219696,11871418,
2017-12-11,1716.392822265625,1164.7022705078125,,,,,,,,4413,,,,,81116718,1866723,
2017-12-12,1964.63037109375,3632.330078125,,,,,,,,8500,,,,,80222290,5962339,
2017-12-13,2011.8916015625,3132.1591796875,,,,,,,,9088,,,,,79240906,6742098,
2017-12-14,1942.49755859375,2605.663818359375,12.935251235961914,77.69486236572266,12.936381340026855,77.6952896118164,3.9786558151245117,4.783828258514404,1.25128972530365,10157,,,,,77038191,5597177,
2017-12-15,1753.4906005859375,613.5955810546875,,,,,,,,4107,,,,,83735647,2478792,
2017-12-16,1828.99365234375,2266.13720703125,,,,,,,,5777,,,,,82675504,3724496,
2017-12-17,1902.943603515625,2831.439697265625,12.961111068725586,77.71210479736328,12.970688819885254,77.71831512451172,,,,7657,,,,,81023700,4944580,
2017-12-18,1946.0816650390625,2440.467041015625,,,,,,,,7028,,,,,80583777,5656306,
2017-12-19,1883.429931640625,1296.7899169921875,,,,,,,,7301,,,,,81777371,4622629,
2017-12-20,2185.76416015625,5643.18212890625,,,,,,,,11826,,,,,76508246,9610778,
2017-12-21,1879.8486328125,2062.108154296875,,,,,,,,6709,,,,,81836456,4563544,
2017-12-22,1838.13134765625,2098.670654296875,12.96770191192627,77.71562194824219,12.969303131103516,77.71647644042969,1.7583122253417969,4.071452617645264,0.54766446352005,4879,,,,,81680523,3875257,
2017-12-23,2110.453857421875,3296.36181640625,13.003497123718262,77.66142272949219,13.013446807861328,77.66358947753906,4.3478474617004395,13.513517379760742,0.6727419495582581,10536,,,,,69858597,8368243,
2017-12-24,2077.5,4404.27685546875,13.016666412353516,77.55735778808594,13.037164688110352,77.56605529785156,0.6589730978012085,0.7077430486679077,0.5533263683319092,11117,,,,,65742478,7824551,
2017-12-25,2076.518798828125,1307.9625244140625,12.541176795959473,77.42041778564453,13.036980628967285,77.56536865234375,5.116486072540283,25.25227165222168,0.5219283103942871,9731,,,,3430512,60889679,4142012,
2017-12-26,1672.14013671875,394.77178955078125,,,,,,,,1994,,,,,85263396,1136604,
2017-12-27,2337.666748046875,4945.9658203125,,,,,,,,17387,,,,,69795868,12116987,
2017-12-28,1703.725341796875,551.4602661132812,,,,,,,,1871,,,,,84704345,1657724,
2017-12-29,2026.101806640625,2819.213623046875,,,,,,,,11533,,,,,78971266,6976545,
2017-12-30,2006.24365234375,3453.286376953125,12.965913772583008,77.71497344970703,12.969511985778809,77.71697998046875,3.2074735164642334,5.514733791351318,0.5420024991035461,9526,,,,,77680597,6648909,
2017-12-31,1806.6129150390625,1563.5745849609375,,,,,,,,4956,,,,,83044757,3355243,
2018-01-01,2034.5501708984375,3981.6455078125,12.96381664276123,77.5508804321289,13.0439453125,77.71612548828125,1.326546311378479,14.111624717712402,0.5018541812896729,7469,,,,,68118216,7115929,
2018-01-02,2032.7763671875,4130.6640625,,,,,,,,10658,,,,,79130863,6018639,441779
2018-01-03,2085.414794921875,3509.83544921875,,,,,,,,9244,,,,,77555720,7955132,
2018-01-04,1992.7923583984375,2551.873779296875,,,,,,,,8958,,,,,49163988,6426976,
2018-01-05,1603.2498779296875,,,,,,,,,,,,,,,,
2018-01-06,1603.25,,,,,,,,,,,,,,,,
2018-01-07,1744.430419921875,1691.94580078125,,,,,,,,2741,,,,,37503861,2329304,
2018-01-08,1994.465087890625,3643.008056640625,12.9581298828125,77.71624755859375,12.9581298828125,77.71624755859375,,,,6934,,,,,79614895,6454570,
2018-01-09,2110.776123046875,5820.21484375,,,,,,,,10304,,,,,77732944,8373563,
2018-01-10,2141.992919921875,5509.88232421875,,,,,,,,9755,,,,,76752716,8888605,
2018-01-11,1959.267333984375,3040.671142578125,,,,,,,,5985,,,,,79195715,5873851,
2018-01-12,1878.0986328125,2477.08056640625,,,,,,,,7075,,,,,78584870,4534672,
2018-01-13,1819.247314453125,2709.75634765625,,,,,,,,4518,,,,,82075284,3563694,
2018-01-14,2291.769287109375,6871.06884765625,12.960034370422363,77.59344482421875,12.980537414550781,77.64614868164062,7.364034175872803,17.607812881469727,0.5,11004,,,,756919,70247774,10550773,
2018-01-15,2064.56689453125,4313.287109375,,,,,,,,7939,,,,,78140413,7611171,
2018-01-16,1944.467529296875,3007.878173828125,,,,,,,,6334,,,,,80770324,5629676,
2018-01-17,2157.41357421875,5492.20263671875,12.957415580749512,77.71517181396484,12.96994400024414,77.71815490722656,1.0279757976531982,2.5399999618530273,0.5186800956726074,9620,,,,,76893333,9143026,
2018-01-18,1801.9884033203125,2450.4228515625,12.966736793518066,77.71517181396484,12.96964168548584,77.7163314819336,,,,3953,,,,,82694097,3278943,
2018-01-19,2486.140380859375,7013.8818359375,12.956226348876953,77.50155639648438,13.432938575744629,77.71847534179688,4.949000835418701,20.579999923706055,0.5,13483,,,,356551,59600239,14185549,
2018-01-20,2244.3193359375,9545.5224609375,13.030876159667969,77.50016021728516,13.432853698730469,77.69615173339844,5.026848793029785,23.58244514465332,0.8700000047683716,7798,,,,662302,67791933,9311909,
2018-01-21,1823.810546875,2256.010498046875,,,,,,,,3741,,,,,82519352,3638979,
2018-01-22,1891.9158935546875,2872.098388671875,,,,,,,,5835,,,,,80529688,4762633,
2018-01-23,1944.011474609375,4048.118896484375,,,,,,,,7321,,,,,80250266,5622156,
2018-01-24,2033.06591796875,4379.06396484375,12.958219528198242,77.7165298461914,12.958219528198242,77.7165298461914,,,,8656,,,,,78890915,7091442,
2018-01-25,1924.2685546875,4339.73486328125,12.966503143310547,77.63334655761719,13.030876159667969,77.71842956542969,1.9421296119689941,1.9421296119689941,1.9421296119689941,7040,,,,,81023149,5296417,
2018-01-26,1799.25048828125,2154.23681640625,12.969236373901367,77.63334655761719,13.030876159667969,77.7165298461914,1.9421296119689941,1.9421296119689941,1.9421296119689941,3742,,,,,82923510,3233769,
2018-01-27,1904.53369140625,2817.580810546875,12.95644474029541,77.61064910888672,12.9700345993042,77.71517181396484,3.1586570739746094,12.8100004196167,0.5,5437,,,,,76725668,4970815,
2018-01-28,1957.8486328125,2654.185302734375,12.968801498413086,77.7159652709961,12.969715118408203,77.71678924560547,3.3826680183410645,11.029999732971191,0.5199999809265137,5352,,,,,78328882,5850447,
2018-01-29,2015.791015625,4632.58935546875,,,,,,,,8656,,,,,78068001,6806427,
2018-01-30,2006.8056640625,4949.0498046875,12.96650505065918,77.71778869628906,12.966592788696289,77.71802520751953,0.5,0.5,0.5,8714,,,,,76739134,6658179,
2018-01-31,1925.0205078125,2292.892333984375,12.967955589294434,77.71519470214844,12.970130920410156,77.7164306640625,1.7089171409606934,5.53000020980835,0.6299999952316284,4688,,,,,80971925,5294886,
2018-02-01,1953.9228515625,3698.849609375,12.95737361907959,77.7151870727539,12.969482421875,77.71871948242188,1.1572757959365845,4.448470592498779,0.5400000214576721,6091,,,,,80195244,5785679,
2018-02-02,2020.7862548828125,4689.12548828125,12.957893371582031,77.71597290039062,12.969386100769043,77.71694946289062,1.8021165132522583,2.5658435821533203,0.5,9040,,,,,77810218,6886896,
2018-02-03,585.266845703125,330.2850036621094,,,,,,,,707,,,,,24900537,1556326,
